file,status
Healthy1.png,0
Healthy10.png,0
Healthy100.png,0
Healthy1000.png,0
Healthy1001.png,0
Healthy1002.png,0
Healthy1003.png,0
Healthy1004.png,0
Healthy1005.png,0
Healthy1006.png,0
Healthy1007.png,0
Healthy1008.png,0
Healthy1009.png,0
Healthy101.png,0
Healthy1010.png,0
Healthy1011.png,0
Healthy1012.png,0
Healthy1013.png,0
Healthy1014.png,0
Healthy1015.png,0
Healthy1016.png,0
Healthy1017.png,0
Healthy1018.png,0
Healthy1019.png,0
Healthy102.png,0
Healthy1020.png,0
Healthy1021.png,0
Healthy1022.png,0
Healthy1023.png,0
Healthy1024.png,0
Healthy1025.png,0
Healthy1026.png,0
Healthy1027.png,0
Healthy1028.png,0
Healthy1029.png,0
Healthy103.png,0
Healthy1030.png,0
Healthy1031.png,0
Healthy1032.png,0
Healthy1033.png,0
Healthy1034.png,0
Healthy1035.png,0
Healthy1036.png,0
Healthy1037.png,0
Healthy1038.png,0
Healthy1039.png,0
Healthy104.png,0
Healthy1040.png,0
Healthy1041.png,0
Healthy1042.png,0
Healthy1043.png,0
Healthy1044.png,0
Healthy1045.png,0
Healthy1046.png,0
Healthy1047.png,0
Healthy1048.png,0
Healthy1049.png,0
Healthy105.png,0
Healthy1050.png,0
Healthy1051.png,0
Healthy1052.png,0
Healthy1053.png,0
Healthy1054.png,0
Healthy1055.png,0
Healthy1056.png,0
Healthy1057.png,0
Healthy1058.png,0
Healthy1059.png,0
Healthy106.png,0
Healthy1060.png,0
Healthy1061.png,0
Healthy1062.png,0
Healthy1063.png,0
Healthy1064.png,0
Healthy1065.png,0
Healthy1066.png,0
Healthy1067.png,0
Healthy1068.png,0
Healthy1069.png,0
Healthy107.png,0
Healthy1070.png,0
Healthy1071.png,0
Healthy1072.png,0
Healthy1073.png,0
Healthy1074.png,0
Healthy1075.png,0
Healthy1076.png,0
Healthy1077.png,0
Healthy1078.png,0
Healthy1079.png,0
Healthy108.png,0
Healthy1080.png,0
Healthy1081.png,0
Healthy1082.png,0
Healthy1083.png,0
Healthy1084.png,0
Healthy1085.png,0
Healthy1086.png,0
Healthy1087.png,0
Healthy1088.png,0
Healthy1089.png,0
Healthy109.png,0
Healthy1090.png,0
Healthy1091.png,0
Healthy1092.png,0
Healthy1093.png,0
Healthy1094.png,0
Healthy1095.png,0
Healthy1096.png,0
Healthy1097.png,0
Healthy1098.png,0
Healthy1099.png,0
Healthy11.png,0
Healthy110.png,0
Healthy1100.png,0
Healthy1101.png,0
Healthy1102.png,0
Healthy1103.png,0
Healthy1104.png,0
Healthy1105.png,0
Healthy1106.png,0
Healthy1107.png,0
Healthy1108.png,0
Healthy1109.png,0
Healthy111.png,0
Healthy1110.png,0
Healthy1111.png,0
Healthy1112.png,0
Healthy1113.png,0
Healthy1114.png,0
Healthy1115.png,0
Healthy1116.png,0
Healthy1117.png,0
Healthy1118.png,0
Healthy1119.png,0
Healthy112.png,0
Healthy1120.png,0
Healthy1121.png,0
Healthy1122.png,0
Healthy1123.png,0
Healthy1124.png,0
Healthy1125.png,0
Healthy1126.png,0
Healthy1127.png,0
Healthy1128.png,0
Healthy1129.png,0
Healthy113.png,0
Healthy1130.png,0
Healthy1131.png,0
Healthy1132.png,0
Healthy1133.png,0
Healthy1134.png,0
Healthy1135.png,0
Healthy1136.png,0
Healthy1137.png,0
Healthy1138.png,0
Healthy1139.png,0
Healthy114.png,0
Healthy1140.png,0
Healthy1141.png,0
Healthy1142.png,0
Healthy1143.png,0
Healthy1144.png,0
Healthy1145.png,0
Healthy1146.png,0
Healthy1147.png,0
Healthy1148.png,0
Healthy1149.png,0
Healthy115.png,0
Healthy1150.png,0
Healthy1151.png,0
Healthy1152.png,0
Healthy1153.png,0
Healthy1154.png,0
Healthy1155.png,0
Healthy1156.png,0
Healthy1157.png,0
Healthy1158.png,0
Healthy1159.png,0
Healthy116.png,0
Healthy1160.png,0
Healthy1161.png,0
Healthy1162.png,0
Healthy1163.png,0
Healthy1164.png,0
Healthy1165.png,0
Healthy1166.png,0
Healthy1167.png,0
Healthy1168.png,0
Healthy1169.png,0
Healthy117.png,0
Healthy1170.png,0
Healthy1171.png,0
Healthy1172.png,0
Healthy1173.png,0
Healthy1174.png,0
Healthy1175.png,0
Healthy1176.png,0
Healthy1177.png,0
Healthy1178.png,0
Healthy1179.png,0
Healthy118.png,0
Healthy1180.png,0
Healthy1181.png,0
Healthy1182.png,0
Healthy1183.png,0
Healthy1184.png,0
Healthy1185.png,0
Healthy1186.png,0
Healthy1187.png,0
Healthy1188.png,0
Healthy1189.png,0
Healthy119.png,0
Healthy1190.png,0
Healthy1191.png,0
Healthy1192.png,0
Healthy1193.png,0
Healthy1194.png,0
Healthy1195.png,0
Healthy1196.png,0
Healthy1197.png,0
Healthy1198.png,0
Healthy1199.png,0
Healthy12.png,0
Healthy120.png,0
Healthy1200.png,0
Healthy1201.png,0
Healthy1202.png,0
Healthy1203.png,0
Healthy1204.png,0
Healthy1205.png,0
Healthy1206.png,0
Healthy1207.png,0
Healthy1208.png,0
Healthy1209.png,0
Healthy121.png,0
Healthy1210.png,0
Healthy1211.png,0
Healthy1212.png,0
Healthy1213.png,0
Healthy1214.png,0
Healthy1215.png,0
Healthy1216.png,0
Healthy1217.png,0
Healthy1218.png,0
Healthy1219.png,0
Healthy122.png,0
Healthy1220.png,0
Healthy1221.png,0
Healthy1222.png,0
Healthy1223.png,0
Healthy1224.png,0
Healthy1225.png,0
Healthy1226.png,0
Healthy1227.png,0
Healthy1228.png,0
Healthy1229.png,0
Healthy123.png,0
Healthy1230.png,0
Healthy1231.png,0
Healthy1232.png,0
Healthy1233.png,0
Healthy1234.png,0
Healthy1235.png,0
Healthy1236.png,0
Healthy1237.png,0
Healthy1238.png,0
Healthy1239.png,0
Healthy124.png,0
Healthy1240.png,0
Healthy1241.png,0
Healthy1242.png,0
Healthy1243.png,0
Healthy1244.png,0
Healthy1245.png,0
Healthy1246.png,0
Healthy1247.png,0
Healthy1248.png,0
Healthy1249.png,0
Healthy125.png,0
Healthy1250.png,0
Healthy1251.png,0
Healthy1252.png,0
Healthy1253.png,0
Healthy1254.png,0
Healthy1255.png,0
Healthy1256.png,0
Healthy1257.png,0
Healthy1258.png,0
Healthy1259.png,0
Healthy126.png,0
Healthy1260.png,0
Healthy1261.png,0
Healthy1262.png,0
Healthy1263.png,0
Healthy1264.png,0
Healthy1265.png,0
Healthy1266.png,0
Healthy1267.png,0
Healthy1268.png,0
Healthy1269.png,0
Healthy127.png,0
Healthy1270.png,0
Healthy1271.png,0
Healthy1272.png,0
Healthy1273.png,0
Healthy1274.png,0
Healthy1275.png,0
Healthy1276.png,0
Healthy1277.png,0
Healthy1278.png,0
Healthy1279.png,0
Healthy128.png,0
Healthy1280.png,0
Healthy1281.png,0
Healthy1282.png,0
Healthy1283.png,0
Healthy1284.png,0
Healthy1285.png,0
Healthy1286.png,0
Healthy1287.png,0
Healthy1288.png,0
Healthy1289.png,0
Healthy129.png,0
Healthy1290.png,0
Healthy1291.png,0
Healthy1292.png,0
Healthy1293.png,0
Healthy1294.png,0
Healthy1295.png,0
Healthy1296.png,0
Healthy1297.png,0
Healthy1298.png,0
Healthy1299.png,0
Healthy13.png,0
Healthy130.png,0
Healthy1300.png,0
Healthy1301.png,0
Healthy1302.png,0
Healthy1303.png,0
Healthy1304.png,0
Healthy1305.png,0
Healthy1306.png,0
Healthy1307.png,0
Healthy1308.png,0
Healthy1309.png,0
Healthy131.png,0
Healthy1310.png,0
Healthy1311.png,0
Healthy1312.png,0
Healthy1313.png,0
Healthy1314.png,0
Healthy1315.png,0
Healthy1316.png,0
Healthy1317.png,0
Healthy1318.png,0
Healthy1319.png,0
Healthy132.png,0
Healthy1320.png,0
Healthy1321.png,0
Healthy1322.png,0
Healthy1323.png,0
Healthy1324.png,0
Healthy1325.png,0
Healthy1326.png,0
Healthy1327.png,0
Healthy1328.png,0
Healthy1329.png,0
Healthy133.png,0
Healthy1330.png,0
Healthy1331.png,0
Healthy1332.png,0
Healthy1333.png,0
Healthy1334.png,0
Healthy1335.png,0
Healthy1336.png,0
Healthy1337.png,0
Healthy1338.png,0
Healthy1339.png,0
Healthy134.png,0
Healthy1340.png,0
Healthy1341.png,0
Healthy1342.png,0
Healthy1343.png,0
Healthy1344.png,0
Healthy1345.png,0
Healthy1346.png,0
Healthy1347.png,0
Healthy1348.png,0
Healthy1349.png,0
Healthy135.png,0
Healthy1350.png,0
Healthy1351.png,0
Healthy1352.png,0
Healthy1353.png,0
Healthy1354.png,0
Healthy1355.png,0
Healthy1356.png,0
Healthy1357.png,0
Healthy1358.png,0
Healthy1359.png,0
Healthy136.png,0
Healthy1360.png,0
Healthy1361.png,0
Healthy1362.png,0
Healthy1363.png,0
Healthy1364.png,0
Healthy1365.png,0
Healthy1366.png,0
Healthy1367.png,0
Healthy1368.png,0
Healthy1369.png,0
Healthy137.png,0
Healthy1370.png,0
Healthy1371.png,0
Healthy1372.png,0
Healthy1373.png,0
Healthy1374.png,0
Healthy1375.png,0
Healthy1376.png,0
Healthy1377.png,0
Healthy1378.png,0
Healthy1379.png,0
Healthy138.png,0
Healthy1380.png,0
Healthy1381.png,0
Healthy1382.png,0
Healthy1383.png,0
Healthy1384.png,0
Healthy1385.png,0
Healthy1386.png,0
Healthy1387.png,0
Healthy1388.png,0
Healthy1389.png,0
Healthy139.png,0
Healthy1390.png,0
Healthy1391.png,0
Healthy1392.png,0
Healthy1393.png,0
Healthy1394.png,0
Healthy1395.png,0
Healthy1396.png,0
Healthy1397.png,0
Healthy1398.png,0
Healthy1399.png,0
Healthy14.png,0
Healthy140.png,0
Healthy1400.png,0
Healthy1401.png,0
Healthy1402.png,0
Healthy1403.png,0
Healthy1404.png,0
Healthy1405.png,0
Healthy1406.png,0
Healthy1407.png,0
Healthy1408.png,0
Healthy1409.png,0
Healthy141.png,0
Healthy1410.png,0
Healthy1411.png,0
Healthy1412.png,0
Healthy1413.png,0
Healthy1414.png,0
Healthy1415.png,0
Healthy1416.png,0
Healthy1417.png,0
Healthy1418.png,0
Healthy1419.png,0
Healthy142.png,0
Healthy1420.png,0
Healthy1421.png,0
Healthy1422.png,0
Healthy1423.png,0
Healthy1424.png,0
Healthy1425.png,0
Healthy1426.png,0
Healthy1427.png,0
Healthy1428.png,0
Healthy1429.png,0
Healthy143.png,0
Healthy1430.png,0
Healthy1431.png,0
Healthy1432.png,0
Healthy1433.png,0
Healthy1434.png,0
Healthy1435.png,0
Healthy1436.png,0
Healthy1437.png,0
Healthy1438.png,0
Healthy1439.png,0
Healthy144.png,0
Healthy1440.png,0
Healthy1441.png,0
Healthy1442.png,0
Healthy1443.png,0
Healthy1444.png,0
Healthy1445.png,0
Healthy1446.png,0
Healthy1447.png,0
Healthy1448.png,0
Healthy1449.png,0
Healthy145.png,0
Healthy1450.png,0
Healthy1451.png,0
Healthy1452.png,0
Healthy1453.png,0
Healthy1454.png,0
Healthy1455.png,0
Healthy1456.png,0
Healthy1457.png,0
Healthy1458.png,0
Healthy1459.png,0
Healthy146.png,0
Healthy1460.png,0
Healthy1461.png,0
Healthy1462.png,0
Healthy1463.png,0
Healthy1464.png,0
Healthy1465.png,0
Healthy1466.png,0
Healthy1467.png,0
Healthy1468.png,0
Healthy1469.png,0
Healthy147.png,0
Healthy1470.png,0
Healthy1471.png,0
Healthy1472.png,0
Healthy1473.png,0
Healthy1474.png,0
Healthy1475.png,0
Healthy1476.png,0
Healthy1477.png,0
Healthy1478.png,0
Healthy1479.png,0
Healthy148.png,0
Healthy1480.png,0
Healthy1481.png,0
Healthy1482.png,0
Healthy1483.png,0
Healthy1484.png,0
Healthy1485.png,0
Healthy1486.png,0
Healthy1487.png,0
Healthy1488.png,0
Healthy1489.png,0
Healthy149.png,0
Healthy1490.png,0
Healthy1491.png,0
Healthy1492.png,0
Healthy1493.png,0
Healthy1494.png,0
Healthy1495.png,0
Healthy1496.png,0
Healthy1497.png,0
Healthy1498.png,0
Healthy1499.png,0
Healthy15.png,0
Healthy150.png,0
Healthy1500.png,0
Healthy1501.png,0
Healthy1502.png,0
Healthy1503.png,0
Healthy1504.png,0
Healthy1505.png,0
Healthy1506.png,0
Healthy1507.png,0
Healthy1508.png,0
Healthy1509.png,0
Healthy151.png,0
Healthy1510.png,0
Healthy1511.png,0
Healthy1512.png,0
Healthy1513.png,0
Healthy1514.png,0
Healthy1515.png,0
Healthy1516.png,0
Healthy1517.png,0
Healthy1518.png,0
Healthy1519.png,0
Healthy152.png,0
Healthy1520.png,0
Healthy1521.png,0
Healthy1522.png,0
Healthy1523.png,0
Healthy1524.png,0
Healthy1525.png,0
Healthy1526.png,0
Healthy1527.png,0
Healthy1528.png,0
Healthy1529.png,0
Healthy153.png,0
Healthy1530.png,0
Healthy1531.png,0
Healthy1532.png,0
Healthy1533.png,0
Healthy1534.png,0
Healthy1535.png,0
Healthy1536.png,0
Healthy1537.png,0
Healthy1538.png,0
Healthy1539.png,0
Healthy154.png,0
Healthy1540.png,0
Healthy1541.png,0
Healthy1542.png,0
Healthy1543.png,0
Healthy1544.png,0
Healthy1545.png,0
Healthy1546.png,0
Healthy1547.png,0
Healthy1548.png,0
Healthy1549.png,0
Healthy155.png,0
Healthy1550.png,0
Healthy1551.png,0
Healthy1552.png,0
Healthy1553.png,0
Healthy1554.png,0
Healthy1555.png,0
Healthy1556.png,0
Healthy1557.png,0
Healthy1558.png,0
Healthy1559.png,0
Healthy156.png,0
Healthy1560.png,0
Healthy1561.png,0
Healthy1562.png,0
Healthy1563.png,0
Healthy1564.png,0
Healthy1565.png,0
Healthy1566.png,0
Healthy1567.png,0
Healthy1568.png,0
Healthy1569.png,0
Healthy157.png,0
Healthy1570.png,0
Healthy1571.png,0
Healthy1572.png,0
Healthy1573.png,0
Healthy1574.png,0
Healthy1575.png,0
Healthy1576.png,0
Healthy1577.png,0
Healthy1578.png,0
Healthy1579.png,0
Healthy158.png,0
Healthy1580.png,0
Healthy1581.png,0
Healthy1582.png,0
Healthy1583.png,0
Healthy1584.png,0
Healthy1585.png,0
Healthy1586.png,0
Healthy1587.png,0
Healthy1588.png,0
Healthy1589.png,0
Healthy159.png,0
Healthy1590.png,0
Healthy1591.png,0
Healthy1592.png,0
Healthy1593.png,0
Healthy1594.png,0
Healthy1595.png,0
Healthy1596.png,0
Healthy1597.png,0
Healthy1598.png,0
Healthy1599.png,0
Healthy16.png,0
Healthy160.png,0
Healthy1600.png,0
Healthy1601.png,0
Healthy1602.png,0
Healthy1603.png,0
Healthy1604.png,0
Healthy1605.png,0
Healthy1606.png,0
Healthy1607.png,0
Healthy1608.png,0
Healthy1609.png,0
Healthy161.png,0
Healthy1610.png,0
Healthy1611.png,0
Healthy1612.png,0
Healthy1613.png,0
Healthy1614.png,0
Healthy1615.png,0
Healthy1616.png,0
Healthy1617.png,0
Healthy1618.png,0
Healthy1619.png,0
Healthy162.png,0
Healthy1620.png,0
Healthy1621.png,0
Healthy1622.png,0
Healthy1623.png,0
Healthy1624.png,0
Healthy1625.png,0
Healthy1626.png,0
Healthy1627.png,0
Healthy1628.png,0
Healthy1629.png,0
Healthy163.png,0
Healthy1630.png,0
Healthy1631.png,0
Healthy1632.png,0
Healthy164.png,0
Healthy165.png,0
Healthy166.png,0
Healthy167.png,0
Healthy168.png,0
Healthy169.png,0
Healthy17.png,0
Healthy170.png,0
Healthy171.png,0
Healthy172.png,0
Healthy173.png,0
Healthy174.png,0
Healthy175.png,0
Healthy176.png,0
Healthy177.png,0
Healthy178.png,0
Healthy179.png,0
Healthy18.png,0
Healthy180.png,0
Healthy181.png,0
Healthy182.png,0
Healthy183.png,0
Healthy184.png,0
Healthy185.png,0
Healthy186.png,0
Healthy187.png,0
Healthy188.png,0
Healthy189.png,0
Healthy19.png,0
Healthy190.png,0
Healthy191.png,0
Healthy192.png,0
Healthy193.png,0
Healthy194.png,0
Healthy195.png,0
Healthy196.png,0
Healthy197.png,0
Healthy198.png,0
Healthy199.png,0
Healthy2.png,0
Healthy20.png,0
Healthy200.png,0
Healthy201.png,0
Healthy202.png,0
Healthy203.png,0
Healthy204.png,0
Healthy205.png,0
Healthy206.png,0
Healthy207.png,0
Healthy208.png,0
Healthy209.png,0
Healthy21.png,0
Healthy210.png,0
Healthy211.png,0
Healthy212.png,0
Healthy213.png,0
Healthy214.png,0
Healthy215.png,0
Healthy216.png,0
Healthy217.png,0
Healthy218.png,0
Healthy219.png,0
Healthy22.png,0
Healthy220.png,0
Healthy221.png,0
Healthy222.png,0
Healthy223.png,0
Healthy224.png,0
Healthy225.png,0
Healthy226.png,0
Healthy227.png,0
Healthy228.png,0
Healthy229.png,0
Healthy23.png,0
Healthy230.png,0
Healthy231.png,0
Healthy232.png,0
Healthy233.png,0
Healthy234.png,0
Healthy235.png,0
Healthy236.png,0
Healthy237.png,0
Healthy238.png,0
Healthy239.png,0
Healthy24.png,0
Healthy240.png,0
Healthy241.png,0
Healthy242.png,0
Healthy243.png,0
Healthy244.png,0
Healthy245.png,0
Healthy246.png,0
Healthy247.png,0
Healthy248.png,0
Healthy249.png,0
Healthy25.png,0
Healthy250.png,0
Healthy251.png,0
Healthy252.png,0
Healthy253.png,0
Healthy254.png,0
Healthy255.png,0
Healthy256.png,0
Healthy257.png,0
Healthy258.png,0
Healthy259.png,0
Healthy26.png,0
Healthy260.png,0
Healthy261.png,0
Healthy262.png,0
Healthy263.png,0
Healthy264.png,0
Healthy265.png,0
Healthy266.png,0
Healthy267.png,0
Healthy268.png,0
Healthy269.png,0
Healthy27.png,0
Healthy270.png,0
Healthy271.png,0
Healthy272.png,0
Healthy273.png,0
Healthy274.png,0
Healthy275.png,0
Healthy276.png,0
Healthy277.png,0
Healthy278.png,0
Healthy279.png,0
Healthy28.png,0
Healthy280.png,0
Healthy281.png,0
Healthy282.png,0
Healthy283.png,0
Healthy284.png,0
Healthy285.png,0
Healthy286.png,0
Healthy287.png,0
Healthy288.png,0
Healthy289.png,0
Healthy29.png,0
Healthy290.png,0
Healthy291.png,0
Healthy292.png,0
Healthy293.png,0
Healthy294.png,0
Healthy295.png,0
Healthy296.png,0
Healthy297.png,0
Healthy298.png,0
Healthy299.png,0
Healthy3.png,0
Healthy30.png,0
Healthy300.png,0
Healthy301.png,0
Healthy302.png,0
Healthy303.png,0
Healthy304.png,0
Healthy305.png,0
Healthy306.png,0
Healthy307.png,0
Healthy308.png,0
Healthy309.png,0
Healthy31.png,0
Healthy310.png,0
Healthy311.png,0
Healthy312.png,0
Healthy313.png,0
Healthy314.png,0
Healthy315.png,0
Healthy316.png,0
Healthy317.png,0
Healthy318.png,0
Healthy319.png,0
Healthy32.png,0
Healthy320.png,0
Healthy321.png,0
Healthy322.png,0
Healthy323.png,0
Healthy324.png,0
Healthy325.png,0
Healthy326.png,0
Healthy327.png,0
Healthy328.png,0
Healthy329.png,0
Healthy33.png,0
Healthy330.png,0
Healthy331.png,0
Healthy332.png,0
Healthy333.png,0
Healthy334.png,0
Healthy335.png,0
Healthy336.png,0
Healthy337.png,0
Healthy338.png,0
Healthy339.png,0
Healthy34.png,0
Healthy340.png,0
Healthy341.png,0
Healthy342.png,0
Healthy343.png,0
Healthy344.png,0
Healthy345.png,0
Healthy346.png,0
Healthy347.png,0
Healthy348.png,0
Healthy349.png,0
Healthy35.png,0
Healthy350.png,0
Healthy351.png,0
Healthy352.png,0
Healthy353.png,0
Healthy354.png,0
Healthy355.png,0
Healthy356.png,0
Healthy357.png,0
Healthy358.png,0
Healthy359.png,0
Healthy36.png,0
Healthy360.png,0
Healthy361.png,0
Healthy362.png,0
Healthy363.png,0
Healthy364.png,0
Healthy365.png,0
Healthy366.png,0
Healthy367.png,0
Healthy368.png,0
Healthy369.png,0
Healthy37.png,0
Healthy370.png,0
Healthy371.png,0
Healthy372.png,0
Healthy373.png,0
Healthy374.png,0
Healthy375.png,0
Healthy376.png,0
Healthy377.png,0
Healthy378.png,0
Healthy379.png,0
Healthy38.png,0
Healthy380.png,0
Healthy381.png,0
Healthy382.png,0
Healthy383.png,0
Healthy384.png,0
Healthy385.png,0
Healthy386.png,0
Healthy387.png,0
Healthy388.png,0
Healthy389.png,0
Healthy39.png,0
Healthy390.png,0
Healthy391.png,0
Healthy392.png,0
Healthy393.png,0
Healthy394.png,0
Healthy395.png,0
Healthy396.png,0
Healthy397.png,0
Healthy398.png,0
Healthy399.png,0
Healthy4.png,0
Healthy40.png,0
Healthy400.png,0
Healthy401.png,0
Healthy402.png,0
Healthy403.png,0
Healthy404.png,0
Healthy405.png,0
Healthy406.png,0
Healthy407.png,0
Healthy408.png,0
Healthy409.png,0
Healthy41.png,0
Healthy410.png,0
Healthy411.png,0
Healthy412.png,0
Healthy413.png,0
Healthy414.png,0
Healthy415.png,0
Healthy416.png,0
Healthy417.png,0
Healthy418.png,0
Healthy419.png,0
Healthy42.png,0
Healthy420.png,0
Healthy421.png,0
Healthy422.png,0
Healthy423.png,0
Healthy424.png,0
Healthy425.png,0
Healthy426.png,0
Healthy427.png,0
Healthy428.png,0
Healthy429.png,0
Healthy43.png,0
Healthy430.png,0
Healthy431.png,0
Healthy432.png,0
Healthy433.png,0
Healthy434.png,0
Healthy435.png,0
Healthy436.png,0
Healthy437.png,0
Healthy438.png,0
Healthy439.png,0
Healthy44.png,0
Healthy440.png,0
Healthy441.png,0
Healthy442.png,0
Healthy443.png,0
Healthy444.png,0
Healthy445.png,0
Healthy446.png,0
Healthy447.png,0
Healthy448.png,0
Healthy449.png,0
Healthy45.png,0
Healthy450.png,0
Healthy451.png,0
Healthy452.png,0
Healthy453.png,0
Healthy454.png,0
Healthy455.png,0
Healthy456.png,0
Healthy457.png,0
Healthy458.png,0
Healthy459.png,0
Healthy46.png,0
Healthy460.png,0
Healthy461.png,0
Healthy462.png,0
Healthy463.png,0
Healthy464.png,0
Healthy465.png,0
Healthy466.png,0
Healthy467.png,0
Healthy468.png,0
Healthy469.png,0
Healthy47.png,0
Healthy470.png,0
Healthy471.png,0
Healthy472.png,0
Healthy473.png,0
Healthy474.png,0
Healthy475.png,0
Healthy476.png,0
Healthy477.png,0
Healthy478.png,0
Healthy479.png,0
Healthy48.png,0
Healthy480.png,0
Healthy481.png,0
Healthy482.png,0
Healthy483.png,0
Healthy484.png,0
Healthy485.png,0
Healthy486.png,0
Healthy487.png,0
Healthy488.png,0
Healthy489.png,0
Healthy49.png,0
Healthy490.png,0
Healthy491.png,0
Healthy492.png,0
Healthy493.png,0
Healthy494.png,0
Healthy495.png,0
Healthy496.png,0
Healthy497.png,0
Healthy498.png,0
Healthy499.png,0
Healthy5.png,0
Healthy50.png,0
Healthy500.png,0
Healthy501.png,0
Healthy502.png,0
Healthy503.png,0
Healthy504.png,0
Healthy505.png,0
Healthy506.png,0
Healthy507.png,0
Healthy508.png,0
Healthy509.png,0
Healthy51.png,0
Healthy510.png,0
Healthy511.png,0
Healthy512.png,0
Healthy513.png,0
Healthy514.png,0
Healthy515.png,0
Healthy516.png,0
Healthy517.png,0
Healthy518.png,0
Healthy519.png,0
Healthy52.png,0
Healthy520.png,0
Healthy521.png,0
Healthy522.png,0
Healthy523.png,0
Healthy524.png,0
Healthy525.png,0
Healthy526.png,0
Healthy527.png,0
Healthy528.png,0
Healthy529.png,0
Healthy53.png,0
Healthy530.png,0
Healthy531.png,0
Healthy532.png,0
Healthy533.png,0
Healthy534.png,0
Healthy535.png,0
Healthy536.png,0
Healthy537.png,0
Healthy538.png,0
Healthy539.png,0
Healthy54.png,0
Healthy540.png,0
Healthy541.png,0
Healthy542.png,0
Healthy543.png,0
Healthy544.png,0
Healthy545.png,0
Healthy546.png,0
Healthy547.png,0
Healthy548.png,0
Healthy549.png,0
Healthy55.png,0
Healthy550.png,0
Healthy551.png,0
Healthy552.png,0
Healthy553.png,0
Healthy554.png,0
Healthy555.png,0
Healthy556.png,0
Healthy557.png,0
Healthy558.png,0
Healthy559.png,0
Healthy56.png,0
Healthy560.png,0
Healthy561.png,0
Healthy562.png,0
Healthy563.png,0
Healthy564.png,0
Healthy565.png,0
Healthy566.png,0
Healthy567.png,0
Healthy568.png,0
Healthy569.png,0
Healthy57.png,0
Healthy570.png,0
Healthy571.png,0
Healthy572.png,0
Healthy573.png,0
Healthy574.png,0
Healthy575.png,0
Healthy576.png,0
Healthy577.png,0
Healthy578.png,0
Healthy579.png,0
Healthy58.png,0
Healthy580.png,0
Healthy581.png,0
Healthy582.png,0
Healthy583.png,0
Healthy584.png,0
Healthy585.png,0
Healthy586.png,0
Healthy587.png,0
Healthy588.png,0
Healthy589.png,0
Healthy59.png,0
Healthy590.png,0
Healthy591.png,0
Healthy592.png,0
Healthy593.png,0
Healthy594.png,0
Healthy595.png,0
Healthy596.png,0
Healthy597.png,0
Healthy598.png,0
Healthy599.png,0
Healthy6.png,0
Healthy60.png,0
Healthy600.png,0
Healthy601.png,0
Healthy602.png,0
Healthy603.png,0
Healthy604.png,0
Healthy605.png,0
Healthy606.png,0
Healthy607.png,0
Healthy608.png,0
Healthy609.png,0
Healthy61.png,0
Healthy610.png,0
Healthy611.png,0
Healthy612.png,0
Healthy613.png,0
Healthy614.png,0
Healthy615.png,0
Healthy616.png,0
Healthy617.png,0
Healthy618.png,0
Healthy619.png,0
Healthy62.png,0
Healthy620.png,0
Healthy621.png,0
Healthy622.png,0
Healthy623.png,0
Healthy624.png,0
Healthy625.png,0
Healthy626.png,0
Healthy627.png,0
Healthy628.png,0
Healthy629.png,0
Healthy63.png,0
Healthy630.png,0
Healthy631.png,0
Healthy632.png,0
Healthy633.png,0
Healthy634.png,0
Healthy635.png,0
Healthy636.png,0
Healthy637.png,0
Healthy638.png,0
Healthy639.png,0
Healthy64.png,0
Healthy640.png,0
Healthy641.png,0
Healthy642.png,0
Healthy643.png,0
Healthy644.png,0
Healthy645.png,0
Healthy646.png,0
Healthy647.png,0
Healthy648.png,0
Healthy649.png,0
Healthy65.png,0
Healthy650.png,0
Healthy651.png,0
Healthy652.png,0
Healthy653.png,0
Healthy654.png,0
Healthy655.png,0
Healthy656.png,0
Healthy657.png,0
Healthy658.png,0
Healthy659.png,0
Healthy66.png,0
Healthy660.png,0
Healthy661.png,0
Healthy662.png,0
Healthy663.png,0
Healthy664.png,0
Healthy665.png,0
Healthy666.png,0
Healthy667.png,0
Healthy668.png,0
Healthy669.png,0
Healthy67.png,0
Healthy670.png,0
Healthy671.png,0
Healthy672.png,0
Healthy673.png,0
Healthy674.png,0
Healthy675.png,0
Healthy676.png,0
Healthy677.png,0
Healthy678.png,0
Healthy679.png,0
Healthy68.png,0
Healthy680.png,0
Healthy681.png,0
Healthy682.png,0
Healthy683.png,0
Healthy684.png,0
Healthy685.png,0
Healthy686.png,0
Healthy687.png,0
Healthy688.png,0
Healthy689.png,0
Healthy69.png,0
Healthy690.png,0
Healthy691.png,0
Healthy692.png,0
Healthy693.png,0
Healthy694.png,0
Healthy695.png,0
Healthy696.png,0
Healthy697.png,0
Healthy698.png,0
Healthy699.png,0
Healthy7.png,0
Healthy70.png,0
Healthy700.png,0
Healthy701.png,0
Healthy702.png,0
Healthy703.png,0
Healthy704.png,0
Healthy705.png,0
Healthy706.png,0
Healthy707.png,0
Healthy708.png,0
Healthy709.png,0
Healthy71.png,0
Healthy710.png,0
Healthy711.png,0
Healthy712.png,0
Healthy713.png,0
Healthy714.png,0
Healthy715.png,0
Healthy716.png,0
Healthy717.png,0
Healthy718.png,0
Healthy719.png,0
Healthy72.png,0
Healthy720.png,0
Healthy721.png,0
Healthy722.png,0
Healthy723.png,0
Healthy724.png,0
Healthy725.png,0
Healthy726.png,0
Healthy727.png,0
Healthy728.png,0
Healthy729.png,0
Healthy73.png,0
Healthy730.png,0
Healthy731.png,0
Healthy732.png,0
Healthy733.png,0
Healthy734.png,0
Healthy735.png,0
Healthy736.png,0
Healthy737.png,0
Healthy738.png,0
Healthy739.png,0
Healthy74.png,0
Healthy740.png,0
Healthy741.png,0
Healthy742.png,0
Healthy743.png,0
Healthy744.png,0
Healthy745.png,0
Healthy746.png,0
Healthy747.png,0
Healthy748.png,0
Healthy749.png,0
Healthy75.png,0
Healthy750.png,0
Healthy751.png,0
Healthy752.png,0
Healthy753.png,0
Healthy754.png,0
Healthy755.png,0
Healthy756.png,0
Healthy757.png,0
Healthy758.png,0
Healthy759.png,0
Healthy76.png,0
Healthy760.png,0
Healthy761.png,0
Healthy762.png,0
Healthy763.png,0
Healthy764.png,0
Healthy765.png,0
Healthy766.png,0
Healthy767.png,0
Healthy768.png,0
Healthy769.png,0
Healthy77.png,0
Healthy770.png,0
Healthy771.png,0
Healthy772.png,0
Healthy773.png,0
Healthy774.png,0
Healthy775.png,0
Healthy776.png,0
Healthy777.png,0
Healthy778.png,0
Healthy779.png,0
Healthy78.png,0
Healthy780.png,0
Healthy781.png,0
Healthy782.png,0
Healthy783.png,0
Healthy784.png,0
Healthy785.png,0
Healthy786.png,0
Healthy787.png,0
Healthy788.png,0
Healthy789.png,0
Healthy79.png,0
Healthy790.png,0
Healthy791.png,0
Healthy792.png,0
Healthy793.png,0
Healthy794.png,0
Healthy795.png,0
Healthy796.png,0
Healthy797.png,0
Healthy798.png,0
Healthy799.png,0
Healthy8.png,0
Healthy80.png,0
Healthy800.png,0
Healthy801.png,0
Healthy802.png,0
Healthy803.png,0
Healthy804.png,0
Healthy805.png,0
Healthy806.png,0
Healthy807.png,0
Healthy808.png,0
Healthy809.png,0
Healthy81.png,0
Healthy810.png,0
Healthy811.png,0
Healthy812.png,0
Healthy813.png,0
Healthy814.png,0
Healthy815.png,0
Healthy816.png,0
Healthy817.png,0
Healthy818.png,0
Healthy819.png,0
Healthy82.png,0
Healthy820.png,0
Healthy821.png,0
Healthy822.png,0
Healthy823.png,0
Healthy824.png,0
Healthy825.png,0
Healthy826.png,0
Healthy827.png,0
Healthy828.png,0
Healthy829.png,0
Healthy83.png,0
Healthy830.png,0
Healthy831.png,0
Healthy832.png,0
Healthy833.png,0
Healthy834.png,0
Healthy835.png,0
Healthy836.png,0
Healthy837.png,0
Healthy838.png,0
Healthy839.png,0
Healthy84.png,0
Healthy840.png,0
Healthy841.png,0
Healthy842.png,0
Healthy843.png,0
Healthy844.png,0
Healthy845.png,0
Healthy846.png,0
Healthy847.png,0
Healthy848.png,0
Healthy849.png,0
Healthy85.png,0
Healthy850.png,0
Healthy851.png,0
Healthy852.png,0
Healthy853.png,0
Healthy854.png,0
Healthy855.png,0
Healthy856.png,0
Healthy857.png,0
Healthy858.png,0
Healthy859.png,0
Healthy86.png,0
Healthy860.png,0
Healthy861.png,0
Healthy862.png,0
Healthy863.png,0
Healthy864.png,0
Healthy865.png,0
Healthy866.png,0
Healthy867.png,0
Healthy868.png,0
Healthy869.png,0
Healthy87.png,0
Healthy870.png,0
Healthy871.png,0
Healthy872.png,0
Healthy873.png,0
Healthy874.png,0
Healthy875.png,0
Healthy876.png,0
Healthy877.png,0
Healthy878.png,0
Healthy879.png,0
Healthy88.png,0
Healthy880.png,0
Healthy881.png,0
Healthy882.png,0
Healthy883.png,0
Healthy884.png,0
Healthy885.png,0
Healthy886.png,0
Healthy887.png,0
Healthy888.png,0
Healthy889.png,0
Healthy89.png,0
Healthy890.png,0
Healthy891.png,0
Healthy892.png,0
Healthy893.png,0
Healthy894.png,0
Healthy895.png,0
Healthy896.png,0
Healthy897.png,0
Healthy898.png,0
Healthy899.png,0
Healthy9.png,0
Healthy90.png,0
Healthy900.png,0
Healthy901.png,0
Healthy902.png,0
Healthy903.png,0
Healthy904.png,0
Healthy905.png,0
Healthy906.png,0
Healthy907.png,0
Healthy908.png,0
Healthy909.png,0
Healthy91.png,0
Healthy910.png,0
Healthy911.png,0
Healthy912.png,0
Healthy913.png,0
Healthy914.png,0
Healthy915.png,0
Healthy916.png,0
Healthy917.png,0
Healthy918.png,0
Healthy919.png,0
Healthy92.png,0
Healthy920.png,0
Healthy921.png,0
Healthy922.png,0
Healthy923.png,0
Healthy924.png,0
Healthy925.png,0
Healthy926.png,0
Healthy927.png,0
Healthy928.png,0
Healthy929.png,0
Healthy93.png,0
Healthy930.png,0
Healthy931.png,0
Healthy932.png,0
Healthy933.png,0
Healthy934.png,0
Healthy935.png,0
Healthy936.png,0
Healthy937.png,0
Healthy938.png,0
Healthy939.png,0
Healthy94.png,0
Healthy940.png,0
Healthy941.png,0
Healthy942.png,0
Healthy943.png,0
Healthy944.png,0
Healthy945.png,0
Healthy946.png,0
Healthy947.png,0
Healthy948.png,0
Healthy949.png,0
Healthy95.png,0
Healthy950.png,0
Healthy951.png,0
Healthy952.png,0
Healthy953.png,0
Healthy954.png,0
Healthy955.png,0
Healthy956.png,0
Healthy957.png,0
Healthy958.png,0
Healthy959.png,0
Healthy96.png,0
Healthy960.png,0
Healthy961.png,0
Healthy962.png,0
Healthy963.png,0
Healthy964.png,0
Healthy965.png,0
Healthy966.png,0
Healthy967.png,0
Healthy968.png,0
Healthy969.png,0
Healthy97.png,0
Healthy970.png,0
Healthy971.png,0
Healthy972.png,0
Healthy973.png,0
Healthy974.png,0
Healthy975.png,0
Healthy976.png,0
Healthy977.png,0
Healthy978.png,0
Healthy979.png,0
Healthy98.png,0
Healthy980.png,0
Healthy981.png,0
Healthy982.png,0
Healthy983.png,0
Healthy984.png,0
Healthy985.png,0
Healthy986.png,0
Healthy987.png,0
Healthy988.png,0
Healthy989.png,0
Healthy99.png,0
Healthy990.png,0
Healthy991.png,0
Healthy992.png,0
Healthy993.png,0
Healthy994.png,0
Healthy995.png,0
Healthy996.png,0
Healthy997.png,0
Healthy998.png,0
Healthy999.png,0
Parkinson1.png,1
Parkinson10.png,1
Parkinson100.png,1
Parkinson1000.png,1
Parkinson1001.png,1
Parkinson1002.png,1
Parkinson1003.png,1
Parkinson1004.png,1
Parkinson1005.png,1
Parkinson1006.png,1
Parkinson1007.png,1
Parkinson1008.png,1
Parkinson1009.png,1
Parkinson101.png,1
Parkinson1010.png,1
Parkinson1011.png,1
Parkinson1012.png,1
Parkinson1013.png,1
Parkinson1014.png,1
Parkinson1015.png,1
Parkinson1016.png,1
Parkinson1017.png,1
Parkinson1018.png,1
Parkinson1019.png,1
Parkinson102.png,1
Parkinson1020.png,1
Parkinson1021.png,1
Parkinson1022.png,1
Parkinson1023.png,1
Parkinson1024.png,1
Parkinson1025.png,1
Parkinson1026.png,1
Parkinson1027.png,1
Parkinson1028.png,1
Parkinson1029.png,1
Parkinson103.png,1
Parkinson1030.png,1
Parkinson1031.png,1
Parkinson1032.png,1
Parkinson1033.png,1
Parkinson1034.png,1
Parkinson1035.png,1
Parkinson1036.png,1
Parkinson1037.png,1
Parkinson1038.png,1
Parkinson1039.png,1
Parkinson104.png,1
Parkinson1040.png,1
Parkinson1041.png,1
Parkinson1042.png,1
Parkinson1043.png,1
Parkinson1044.png,1
Parkinson1045.png,1
Parkinson1046.png,1
Parkinson1047.png,1
Parkinson1048.png,1
Parkinson1049.png,1
Parkinson105.png,1
Parkinson1050.png,1
Parkinson1051.png,1
Parkinson1052.png,1
Parkinson1053.png,1
Parkinson1054.png,1
Parkinson1055.png,1
Parkinson1056.png,1
Parkinson1057.png,1
Parkinson1058.png,1
Parkinson1059.png,1
Parkinson106.png,1
Parkinson1060.png,1
Parkinson1061.png,1
Parkinson1062.png,1
Parkinson1063.png,1
Parkinson1064.png,1
Parkinson1065.png,1
Parkinson1066.png,1
Parkinson1067.png,1
Parkinson1068.png,1
Parkinson1069.png,1
Parkinson107.png,1
Parkinson1070.png,1
Parkinson1071.png,1
Parkinson1072.png,1
Parkinson1073.png,1
Parkinson1074.png,1
Parkinson1075.png,1
Parkinson1076.png,1
Parkinson1077.png,1
Parkinson1078.png,1
Parkinson1079.png,1
Parkinson108.png,1
Parkinson1080.png,1
Parkinson1081.png,1
Parkinson1082.png,1
Parkinson1083.png,1
Parkinson1084.png,1
Parkinson1085.png,1
Parkinson1086.png,1
Parkinson1087.png,1
Parkinson1088.png,1
Parkinson1089.png,1
Parkinson109.png,1
Parkinson1090.png,1
Parkinson1091.png,1
Parkinson1092.png,1
Parkinson1093.png,1
Parkinson1094.png,1
Parkinson1095.png,1
Parkinson1096.png,1
Parkinson1097.png,1
Parkinson1098.png,1
Parkinson1099.png,1
Parkinson11.png,1
Parkinson110.png,1
Parkinson1100.png,1
Parkinson1101.png,1
Parkinson1102.png,1
Parkinson1103.png,1
Parkinson1104.png,1
Parkinson1105.png,1
Parkinson1106.png,1
Parkinson1107.png,1
Parkinson1108.png,1
Parkinson1109.png,1
Parkinson111.png,1
Parkinson1110.png,1
Parkinson1111.png,1
Parkinson1112.png,1
Parkinson1113.png,1
Parkinson1114.png,1
Parkinson1115.png,1
Parkinson1116.png,1
Parkinson1117.png,1
Parkinson1118.png,1
Parkinson1119.png,1
Parkinson112.png,1
Parkinson1120.png,1
Parkinson1121.png,1
Parkinson1122.png,1
Parkinson1123.png,1
Parkinson1124.png,1
Parkinson1125.png,1
Parkinson1126.png,1
Parkinson1127.png,1
Parkinson1128.png,1
Parkinson1129.png,1
Parkinson113.png,1
Parkinson1130.png,1
Parkinson1131.png,1
Parkinson1132.png,1
Parkinson1133.png,1
Parkinson1134.png,1
Parkinson1135.png,1
Parkinson1136.png,1
Parkinson1137.png,1
Parkinson1138.png,1
Parkinson1139.png,1
Parkinson114.png,1
Parkinson1140.png,1
Parkinson1141.png,1
Parkinson1142.png,1
Parkinson1143.png,1
Parkinson1144.png,1
Parkinson1145.png,1
Parkinson1146.png,1
Parkinson1147.png,1
Parkinson1148.png,1
Parkinson1149.png,1
Parkinson115.png,1
Parkinson1150.png,1
Parkinson1151.png,1
Parkinson1152.png,1
Parkinson1153.png,1
Parkinson1154.png,1
Parkinson1155.png,1
Parkinson1156.png,1
Parkinson1157.png,1
Parkinson1158.png,1
Parkinson1159.png,1
Parkinson116.png,1
Parkinson1160.png,1
Parkinson1161.png,1
Parkinson1162.png,1
Parkinson1163.png,1
Parkinson1164.png,1
Parkinson1165.png,1
Parkinson1166.png,1
Parkinson1167.png,1
Parkinson1168.png,1
Parkinson1169.png,1
Parkinson117.png,1
Parkinson1170.png,1
Parkinson1171.png,1
Parkinson1172.png,1
Parkinson1173.png,1
Parkinson1174.png,1
Parkinson1175.png,1
Parkinson1176.png,1
Parkinson1177.png,1
Parkinson1178.png,1
Parkinson1179.png,1
Parkinson118.png,1
Parkinson1180.png,1
Parkinson1181.png,1
Parkinson1182.png,1
Parkinson1183.png,1
Parkinson1184.png,1
Parkinson1185.png,1
Parkinson1186.png,1
Parkinson1187.png,1
Parkinson1188.png,1
Parkinson1189.png,1
Parkinson119.png,1
Parkinson1190.png,1
Parkinson1191.png,1
Parkinson1192.png,1
Parkinson1193.png,1
Parkinson1194.png,1
Parkinson1195.png,1
Parkinson1196.png,1
Parkinson1197.png,1
Parkinson1198.png,1
Parkinson1199.png,1
Parkinson12.png,1
Parkinson120.png,1
Parkinson1200.png,1
Parkinson1201.png,1
Parkinson1202.png,1
Parkinson1203.png,1
Parkinson1204.png,1
Parkinson1205.png,1
Parkinson1206.png,1
Parkinson1207.png,1
Parkinson1208.png,1
Parkinson1209.png,1
Parkinson121.png,1
Parkinson1210.png,1
Parkinson1211.png,1
Parkinson1212.png,1
Parkinson1213.png,1
Parkinson1214.png,1
Parkinson1215.png,1
Parkinson1216.png,1
Parkinson1217.png,1
Parkinson1218.png,1
Parkinson1219.png,1
Parkinson122.png,1
Parkinson1220.png,1
Parkinson1221.png,1
Parkinson1222.png,1
Parkinson1223.png,1
Parkinson1224.png,1
Parkinson1225.png,1
Parkinson1226.png,1
Parkinson1227.png,1
Parkinson1228.png,1
Parkinson1229.png,1
Parkinson123.png,1
Parkinson1230.png,1
Parkinson1231.png,1
Parkinson1232.png,1
Parkinson1233.png,1
Parkinson1234.png,1
Parkinson1235.png,1
Parkinson1236.png,1
Parkinson1237.png,1
Parkinson1238.png,1
Parkinson1239.png,1
Parkinson124.png,1
Parkinson1240.png,1
Parkinson1241.png,1
Parkinson1242.png,1
Parkinson1243.png,1
Parkinson1244.png,1
Parkinson1245.png,1
Parkinson1246.png,1
Parkinson1247.png,1
Parkinson1248.png,1
Parkinson1249.png,1
Parkinson125.png,1
Parkinson1250.png,1
Parkinson1251.png,1
Parkinson1252.png,1
Parkinson1253.png,1
Parkinson1254.png,1
Parkinson1255.png,1
Parkinson1256.png,1
Parkinson1257.png,1
Parkinson1258.png,1
Parkinson1259.png,1
Parkinson126.png,1
Parkinson1260.png,1
Parkinson1261.png,1
Parkinson1262.png,1
Parkinson1263.png,1
Parkinson1264.png,1
Parkinson1265.png,1
Parkinson1266.png,1
Parkinson1267.png,1
Parkinson1268.png,1
Parkinson1269.png,1
Parkinson127.png,1
Parkinson1270.png,1
Parkinson1271.png,1
Parkinson1272.png,1
Parkinson1273.png,1
Parkinson1274.png,1
Parkinson1275.png,1
Parkinson1276.png,1
Parkinson1277.png,1
Parkinson1278.png,1
Parkinson1279.png,1
Parkinson128.png,1
Parkinson1280.png,1
Parkinson1281.png,1
Parkinson1282.png,1
Parkinson1283.png,1
Parkinson1284.png,1
Parkinson1285.png,1
Parkinson1286.png,1
Parkinson1287.png,1
Parkinson1288.png,1
Parkinson1289.png,1
Parkinson129.png,1
Parkinson1290.png,1
Parkinson1291.png,1
Parkinson1292.png,1
Parkinson1293.png,1
Parkinson1294.png,1
Parkinson1295.png,1
Parkinson1296.png,1
Parkinson1297.png,1
Parkinson1298.png,1
Parkinson1299.png,1
Parkinson13.png,1
Parkinson130.png,1
Parkinson1300.png,1
Parkinson1301.png,1
Parkinson1302.png,1
Parkinson1303.png,1
Parkinson1304.png,1
Parkinson1305.png,1
Parkinson1306.png,1
Parkinson1307.png,1
Parkinson1308.png,1
Parkinson1309.png,1
Parkinson131.png,1
Parkinson1310.png,1
Parkinson1311.png,1
Parkinson1312.png,1
Parkinson1313.png,1
Parkinson1314.png,1
Parkinson1315.png,1
Parkinson1316.png,1
Parkinson1317.png,1
Parkinson1318.png,1
Parkinson1319.png,1
Parkinson132.png,1
Parkinson1320.png,1
Parkinson1321.png,1
Parkinson1322.png,1
Parkinson1323.png,1
Parkinson1324.png,1
Parkinson1325.png,1
Parkinson1326.png,1
Parkinson1327.png,1
Parkinson1328.png,1
Parkinson1329.png,1
Parkinson133.png,1
Parkinson1330.png,1
Parkinson1331.png,1
Parkinson1332.png,1
Parkinson1333.png,1
Parkinson1334.png,1
Parkinson1335.png,1
Parkinson1336.png,1
Parkinson1337.png,1
Parkinson1338.png,1
Parkinson1339.png,1
Parkinson134.png,1
Parkinson1340.png,1
Parkinson1341.png,1
Parkinson1342.png,1
Parkinson1343.png,1
Parkinson1344.png,1
Parkinson1345.png,1
Parkinson1346.png,1
Parkinson1347.png,1
Parkinson1348.png,1
Parkinson1349.png,1
Parkinson135.png,1
Parkinson1350.png,1
Parkinson1351.png,1
Parkinson1352.png,1
Parkinson1353.png,1
Parkinson1354.png,1
Parkinson1355.png,1
Parkinson1356.png,1
Parkinson1357.png,1
Parkinson1358.png,1
Parkinson1359.png,1
Parkinson136.png,1
Parkinson1360.png,1
Parkinson1361.png,1
Parkinson1362.png,1
Parkinson1363.png,1
Parkinson1364.png,1
Parkinson1365.png,1
Parkinson1366.png,1
Parkinson1367.png,1
Parkinson1368.png,1
Parkinson1369.png,1
Parkinson137.png,1
Parkinson1370.png,1
Parkinson1371.png,1
Parkinson1372.png,1
Parkinson1373.png,1
Parkinson1374.png,1
Parkinson1375.png,1
Parkinson1376.png,1
Parkinson1377.png,1
Parkinson1378.png,1
Parkinson1379.png,1
Parkinson138.png,1
Parkinson1380.png,1
Parkinson1381.png,1
Parkinson1382.png,1
Parkinson1383.png,1
Parkinson1384.png,1
Parkinson1385.png,1
Parkinson1386.png,1
Parkinson1387.png,1
Parkinson1388.png,1
Parkinson1389.png,1
Parkinson139.png,1
Parkinson1390.png,1
Parkinson1391.png,1
Parkinson1392.png,1
Parkinson1393.png,1
Parkinson1394.png,1
Parkinson1395.png,1
Parkinson1396.png,1
Parkinson1397.png,1
Parkinson1398.png,1
Parkinson1399.png,1
Parkinson14.png,1
Parkinson140.png,1
Parkinson1400.png,1
Parkinson1401.png,1
Parkinson1402.png,1
Parkinson1403.png,1
Parkinson1404.png,1
Parkinson1405.png,1
Parkinson1406.png,1
Parkinson1407.png,1
Parkinson1408.png,1
Parkinson1409.png,1
Parkinson141.png,1
Parkinson1410.png,1
Parkinson1411.png,1
Parkinson1412.png,1
Parkinson1413.png,1
Parkinson1414.png,1
Parkinson1415.png,1
Parkinson1416.png,1
Parkinson1417.png,1
Parkinson1418.png,1
Parkinson1419.png,1
Parkinson142.png,1
Parkinson1420.png,1
Parkinson1421.png,1
Parkinson1422.png,1
Parkinson1423.png,1
Parkinson1424.png,1
Parkinson1425.png,1
Parkinson1426.png,1
Parkinson1427.png,1
Parkinson1428.png,1
Parkinson1429.png,1
Parkinson143.png,1
Parkinson1430.png,1
Parkinson1431.png,1
Parkinson1432.png,1
Parkinson1433.png,1
Parkinson1434.png,1
Parkinson1435.png,1
Parkinson1436.png,1
Parkinson1437.png,1
Parkinson1438.png,1
Parkinson1439.png,1
Parkinson144.png,1
Parkinson1440.png,1
Parkinson1441.png,1
Parkinson1442.png,1
Parkinson1443.png,1
Parkinson1444.png,1
Parkinson1445.png,1
Parkinson1446.png,1
Parkinson1447.png,1
Parkinson1448.png,1
Parkinson1449.png,1
Parkinson145.png,1
Parkinson1450.png,1
Parkinson1451.png,1
Parkinson1452.png,1
Parkinson1453.png,1
Parkinson1454.png,1
Parkinson1455.png,1
Parkinson1456.png,1
Parkinson1457.png,1
Parkinson1458.png,1
Parkinson1459.png,1
Parkinson146.png,1
Parkinson1460.png,1
Parkinson1461.png,1
Parkinson1462.png,1
Parkinson1463.png,1
Parkinson1464.png,1
Parkinson1465.png,1
Parkinson1466.png,1
Parkinson1467.png,1
Parkinson1468.png,1
Parkinson1469.png,1
Parkinson147.png,1
Parkinson1470.png,1
Parkinson1471.png,1
Parkinson1472.png,1
Parkinson1473.png,1
Parkinson1474.png,1
Parkinson1475.png,1
Parkinson1476.png,1
Parkinson1477.png,1
Parkinson1478.png,1
Parkinson1479.png,1
Parkinson148.png,1
Parkinson1480.png,1
Parkinson1481.png,1
Parkinson1482.png,1
Parkinson1483.png,1
Parkinson1484.png,1
Parkinson1485.png,1
Parkinson1486.png,1
Parkinson1487.png,1
Parkinson1488.png,1
Parkinson1489.png,1
Parkinson149.png,1
Parkinson1490.png,1
Parkinson1491.png,1
Parkinson1492.png,1
Parkinson1493.png,1
Parkinson1494.png,1
Parkinson1495.png,1
Parkinson1496.png,1
Parkinson1497.png,1
Parkinson1498.png,1
Parkinson1499.png,1
Parkinson15.png,1
Parkinson150.png,1
Parkinson1500.png,1
Parkinson1501.png,1
Parkinson1502.png,1
Parkinson1503.png,1
Parkinson1504.png,1
Parkinson1505.png,1
Parkinson1506.png,1
Parkinson1507.png,1
Parkinson1508.png,1
Parkinson1509.png,1
Parkinson151.png,1
Parkinson1510.png,1
Parkinson1511.png,1
Parkinson1512.png,1
Parkinson1513.png,1
Parkinson1514.png,1
Parkinson1515.png,1
Parkinson1516.png,1
Parkinson1517.png,1
Parkinson1518.png,1
Parkinson1519.png,1
Parkinson152.png,1
Parkinson1520.png,1
Parkinson1521.png,1
Parkinson1522.png,1
Parkinson1523.png,1
Parkinson1524.png,1
Parkinson1525.png,1
Parkinson1526.png,1
Parkinson1527.png,1
Parkinson1528.png,1
Parkinson1529.png,1
Parkinson153.png,1
Parkinson1530.png,1
Parkinson1531.png,1
Parkinson1532.png,1
Parkinson1533.png,1
Parkinson1534.png,1
Parkinson1535.png,1
Parkinson1536.png,1
Parkinson1537.png,1
Parkinson1538.png,1
Parkinson1539.png,1
Parkinson154.png,1
Parkinson1540.png,1
Parkinson1541.png,1
Parkinson1542.png,1
Parkinson1543.png,1
Parkinson1544.png,1
Parkinson1545.png,1
Parkinson1546.png,1
Parkinson1547.png,1
Parkinson1548.png,1
Parkinson1549.png,1
Parkinson155.png,1
Parkinson1550.png,1
Parkinson1551.png,1
Parkinson1552.png,1
Parkinson1553.png,1
Parkinson1554.png,1
Parkinson1555.png,1
Parkinson1556.png,1
Parkinson1557.png,1
Parkinson1558.png,1
Parkinson1559.png,1
Parkinson156.png,1
Parkinson1560.png,1
Parkinson1561.png,1
Parkinson1562.png,1
Parkinson1563.png,1
Parkinson1564.png,1
Parkinson1565.png,1
Parkinson1566.png,1
Parkinson1567.png,1
Parkinson1568.png,1
Parkinson1569.png,1
Parkinson157.png,1
Parkinson1570.png,1
Parkinson1571.png,1
Parkinson1572.png,1
Parkinson1573.png,1
Parkinson1574.png,1
Parkinson1575.png,1
Parkinson1576.png,1
Parkinson1577.png,1
Parkinson1578.png,1
Parkinson1579.png,1
Parkinson158.png,1
Parkinson1580.png,1
Parkinson1581.png,1
Parkinson1582.png,1
Parkinson1583.png,1
Parkinson1584.png,1
Parkinson1585.png,1
Parkinson1586.png,1
Parkinson1587.png,1
Parkinson1588.png,1
Parkinson1589.png,1
Parkinson159.png,1
Parkinson1590.png,1
Parkinson1591.png,1
Parkinson1592.png,1
Parkinson1593.png,1
Parkinson1594.png,1
Parkinson1595.png,1
Parkinson1596.png,1
Parkinson1597.png,1
Parkinson1598.png,1
Parkinson1599.png,1
Parkinson16.png,1
Parkinson160.png,1
Parkinson1600.png,1
Parkinson1601.png,1
Parkinson1602.png,1
Parkinson1603.png,1
Parkinson1604.png,1
Parkinson1605.png,1
Parkinson1606.png,1
Parkinson1607.png,1
Parkinson1608.png,1
Parkinson1609.png,1
Parkinson161.png,1
Parkinson1610.png,1
Parkinson1611.png,1
Parkinson1612.png,1
Parkinson1613.png,1
Parkinson1614.png,1
Parkinson1615.png,1
Parkinson1616.png,1
Parkinson1617.png,1
Parkinson1618.png,1
Parkinson1619.png,1
Parkinson162.png,1
Parkinson1620.png,1
Parkinson1621.png,1
Parkinson1622.png,1
Parkinson1623.png,1
Parkinson1624.png,1
Parkinson1625.png,1
Parkinson1626.png,1
Parkinson1627.png,1
Parkinson1628.png,1
Parkinson1629.png,1
Parkinson163.png,1
Parkinson1630.png,1
Parkinson1631.png,1
Parkinson1632.png,1
Parkinson164.png,1
Parkinson165.png,1
Parkinson166.png,1
Parkinson167.png,1
Parkinson168.png,1
Parkinson169.png,1
Parkinson17.png,1
Parkinson170.png,1
Parkinson171.png,1
Parkinson172.png,1
Parkinson173.png,1
Parkinson174.png,1
Parkinson175.png,1
Parkinson176.png,1
Parkinson177.png,1
Parkinson178.png,1
Parkinson179.png,1
Parkinson18.png,1
Parkinson180.png,1
Parkinson181.png,1
Parkinson182.png,1
Parkinson183.png,1
Parkinson184.png,1
Parkinson185.png,1
Parkinson186.png,1
Parkinson187.png,1
Parkinson188.png,1
Parkinson189.png,1
Parkinson19.png,1
Parkinson190.png,1
Parkinson191.png,1
Parkinson192.png,1
Parkinson193.png,1
Parkinson194.png,1
Parkinson195.png,1
Parkinson196.png,1
Parkinson197.png,1
Parkinson198.png,1
Parkinson199.png,1
Parkinson2.png,1
Parkinson20.png,1
Parkinson200.png,1
Parkinson201.png,1
Parkinson202.png,1
Parkinson203.png,1
Parkinson204.png,1
Parkinson205.png,1
Parkinson206.png,1
Parkinson207.png,1
Parkinson208.png,1
Parkinson209.png,1
Parkinson21.png,1
Parkinson210.png,1
Parkinson211.png,1
Parkinson212.png,1
Parkinson213.png,1
Parkinson214.png,1
Parkinson215.png,1
Parkinson216.png,1
Parkinson217.png,1
Parkinson218.png,1
Parkinson219.png,1
Parkinson22.png,1
Parkinson220.png,1
Parkinson221.png,1
Parkinson222.png,1
Parkinson223.png,1
Parkinson224.png,1
Parkinson225.png,1
Parkinson226.png,1
Parkinson227.png,1
Parkinson228.png,1
Parkinson229.png,1
Parkinson23.png,1
Parkinson230.png,1
Parkinson231.png,1
Parkinson232.png,1
Parkinson233.png,1
Parkinson234.png,1
Parkinson235.png,1
Parkinson236.png,1
Parkinson237.png,1
Parkinson238.png,1
Parkinson239.png,1
Parkinson24.png,1
Parkinson240.png,1
Parkinson241.png,1
Parkinson242.png,1
Parkinson243.png,1
Parkinson244.png,1
Parkinson245.png,1
Parkinson246.png,1
Parkinson247.png,1
Parkinson248.png,1
Parkinson249.png,1
Parkinson25.png,1
Parkinson250.png,1
Parkinson251.png,1
Parkinson252.png,1
Parkinson253.png,1
Parkinson254.png,1
Parkinson255.png,1
Parkinson256.png,1
Parkinson257.png,1
Parkinson258.png,1
Parkinson259.png,1
Parkinson26.png,1
Parkinson260.png,1
Parkinson261.png,1
Parkinson262.png,1
Parkinson263.png,1
Parkinson264.png,1
Parkinson265.png,1
Parkinson266.png,1
Parkinson267.png,1
Parkinson268.png,1
Parkinson269.png,1
Parkinson27.png,1
Parkinson270.png,1
Parkinson271.png,1
Parkinson272.png,1
Parkinson273.png,1
Parkinson274.png,1
Parkinson275.png,1
Parkinson276.png,1
Parkinson277.png,1
Parkinson278.png,1
Parkinson279.png,1
Parkinson28.png,1
Parkinson280.png,1
Parkinson281.png,1
Parkinson282.png,1
Parkinson283.png,1
Parkinson284.png,1
Parkinson285.png,1
Parkinson286.png,1
Parkinson287.png,1
Parkinson288.png,1
Parkinson289.png,1
Parkinson29.png,1
Parkinson290.png,1
Parkinson291.png,1
Parkinson292.png,1
Parkinson293.png,1
Parkinson294.png,1
Parkinson295.png,1
Parkinson296.png,1
Parkinson297.png,1
Parkinson298.png,1
Parkinson299.png,1
Parkinson3.png,1
Parkinson30.png,1
Parkinson300.png,1
Parkinson301.png,1
Parkinson302.png,1
Parkinson303.png,1
Parkinson304.png,1
Parkinson305.png,1
Parkinson306.png,1
Parkinson307.png,1
Parkinson308.png,1
Parkinson309.png,1
Parkinson31.png,1
Parkinson310.png,1
Parkinson311.png,1
Parkinson312.png,1
Parkinson313.png,1
Parkinson314.png,1
Parkinson315.png,1
Parkinson316.png,1
Parkinson317.png,1
Parkinson318.png,1
Parkinson319.png,1
Parkinson32.png,1
Parkinson320.png,1
Parkinson321.png,1
Parkinson322.png,1
Parkinson323.png,1
Parkinson324.png,1
Parkinson325.png,1
Parkinson326.png,1
Parkinson327.png,1
Parkinson328.png,1
Parkinson329.png,1
Parkinson33.png,1
Parkinson330.png,1
Parkinson331.png,1
Parkinson332.png,1
Parkinson333.png,1
Parkinson334.png,1
Parkinson335.png,1
Parkinson336.png,1
Parkinson337.png,1
Parkinson338.png,1
Parkinson339.png,1
Parkinson34.png,1
Parkinson340.png,1
Parkinson341.png,1
Parkinson342.png,1
Parkinson343.png,1
Parkinson344.png,1
Parkinson345.png,1
Parkinson346.png,1
Parkinson347.png,1
Parkinson348.png,1
Parkinson349.png,1
Parkinson35.png,1
Parkinson350.png,1
Parkinson351.png,1
Parkinson352.png,1
Parkinson353.png,1
Parkinson354.png,1
Parkinson355.png,1
Parkinson356.png,1
Parkinson357.png,1
Parkinson358.png,1
Parkinson359.png,1
Parkinson36.png,1
Parkinson360.png,1
Parkinson361.png,1
Parkinson362.png,1
Parkinson363.png,1
Parkinson364.png,1
Parkinson365.png,1
Parkinson366.png,1
Parkinson367.png,1
Parkinson368.png,1
Parkinson369.png,1
Parkinson37.png,1
Parkinson370.png,1
Parkinson371.png,1
Parkinson372.png,1
Parkinson373.png,1
Parkinson374.png,1
Parkinson375.png,1
Parkinson376.png,1
Parkinson377.png,1
Parkinson378.png,1
Parkinson379.png,1
Parkinson38.png,1
Parkinson380.png,1
Parkinson381.png,1
Parkinson382.png,1
Parkinson383.png,1
Parkinson384.png,1
Parkinson385.png,1
Parkinson386.png,1
Parkinson387.png,1
Parkinson388.png,1
Parkinson389.png,1
Parkinson39.png,1
Parkinson390.png,1
Parkinson391.png,1
Parkinson392.png,1
Parkinson393.png,1
Parkinson394.png,1
Parkinson395.png,1
Parkinson396.png,1
Parkinson397.png,1
Parkinson398.png,1
Parkinson399.png,1
Parkinson4.png,1
Parkinson40.png,1
Parkinson400.png,1
Parkinson401.png,1
Parkinson402.png,1
Parkinson403.png,1
Parkinson404.png,1
Parkinson405.png,1
Parkinson406.png,1
Parkinson407.png,1
Parkinson408.png,1
Parkinson409.png,1
Parkinson41.png,1
Parkinson410.png,1
Parkinson411.png,1
Parkinson412.png,1
Parkinson413.png,1
Parkinson414.png,1
Parkinson415.png,1
Parkinson416.png,1
Parkinson417.png,1
Parkinson418.png,1
Parkinson419.png,1
Parkinson42.png,1
Parkinson420.png,1
Parkinson421.png,1
Parkinson422.png,1
Parkinson423.png,1
Parkinson424.png,1
Parkinson425.png,1
Parkinson426.png,1
Parkinson427.png,1
Parkinson428.png,1
Parkinson429.png,1
Parkinson43.png,1
Parkinson430.png,1
Parkinson431.png,1
Parkinson432.png,1
Parkinson433.png,1
Parkinson434.png,1
Parkinson435.png,1
Parkinson436.png,1
Parkinson437.png,1
Parkinson438.png,1
Parkinson439.png,1
Parkinson44.png,1
Parkinson440.png,1
Parkinson441.png,1
Parkinson442.png,1
Parkinson443.png,1
Parkinson444.png,1
Parkinson445.png,1
Parkinson446.png,1
Parkinson447.png,1
Parkinson448.png,1
Parkinson449.png,1
Parkinson45.png,1
Parkinson450.png,1
Parkinson451.png,1
Parkinson452.png,1
Parkinson453.png,1
Parkinson454.png,1
Parkinson455.png,1
Parkinson456.png,1
Parkinson457.png,1
Parkinson458.png,1
Parkinson459.png,1
Parkinson46.png,1
Parkinson460.png,1
Parkinson461.png,1
Parkinson462.png,1
Parkinson463.png,1
Parkinson464.png,1
Parkinson465.png,1
Parkinson466.png,1
Parkinson467.png,1
Parkinson468.png,1
Parkinson469.png,1
Parkinson47.png,1
Parkinson470.png,1
Parkinson471.png,1
Parkinson472.png,1
Parkinson473.png,1
Parkinson474.png,1
Parkinson475.png,1
Parkinson476.png,1
Parkinson477.png,1
Parkinson478.png,1
Parkinson479.png,1
Parkinson48.png,1
Parkinson480.png,1
Parkinson481.png,1
Parkinson482.png,1
Parkinson483.png,1
Parkinson484.png,1
Parkinson485.png,1
Parkinson486.png,1
Parkinson487.png,1
Parkinson488.png,1
Parkinson489.png,1
Parkinson49.png,1
Parkinson490.png,1
Parkinson491.png,1
Parkinson492.png,1
Parkinson493.png,1
Parkinson494.png,1
Parkinson495.png,1
Parkinson496.png,1
Parkinson497.png,1
Parkinson498.png,1
Parkinson499.png,1
Parkinson5.png,1
Parkinson50.png,1
Parkinson500.png,1
Parkinson501.png,1
Parkinson502.png,1
Parkinson503.png,1
Parkinson504.png,1
Parkinson505.png,1
Parkinson506.png,1
Parkinson507.png,1
Parkinson508.png,1
Parkinson509.png,1
Parkinson51.png,1
Parkinson510.png,1
Parkinson511.png,1
Parkinson512.png,1
Parkinson513.png,1
Parkinson514.png,1
Parkinson515.png,1
Parkinson516.png,1
Parkinson517.png,1
Parkinson518.png,1
Parkinson519.png,1
Parkinson52.png,1
Parkinson520.png,1
Parkinson521.png,1
Parkinson522.png,1
Parkinson523.png,1
Parkinson524.png,1
Parkinson525.png,1
Parkinson526.png,1
Parkinson527.png,1
Parkinson528.png,1
Parkinson529.png,1
Parkinson53.png,1
Parkinson530.png,1
Parkinson531.png,1
Parkinson532.png,1
Parkinson533.png,1
Parkinson534.png,1
Parkinson535.png,1
Parkinson536.png,1
Parkinson537.png,1
Parkinson538.png,1
Parkinson539.png,1
Parkinson54.png,1
Parkinson540.png,1
Parkinson541.png,1
Parkinson542.png,1
Parkinson543.png,1
Parkinson544.png,1
Parkinson545.png,1
Parkinson546.png,1
Parkinson547.png,1
Parkinson548.png,1
Parkinson549.png,1
Parkinson55.png,1
Parkinson550.png,1
Parkinson551.png,1
Parkinson552.png,1
Parkinson553.png,1
Parkinson554.png,1
Parkinson555.png,1
Parkinson556.png,1
Parkinson557.png,1
Parkinson558.png,1
Parkinson559.png,1
Parkinson56.png,1
Parkinson560.png,1
Parkinson561.png,1
Parkinson562.png,1
Parkinson563.png,1
Parkinson564.png,1
Parkinson565.png,1
Parkinson566.png,1
Parkinson567.png,1
Parkinson568.png,1
Parkinson569.png,1
Parkinson57.png,1
Parkinson570.png,1
Parkinson571.png,1
Parkinson572.png,1
Parkinson573.png,1
Parkinson574.png,1
Parkinson575.png,1
Parkinson576.png,1
Parkinson577.png,1
Parkinson578.png,1
Parkinson579.png,1
Parkinson58.png,1
Parkinson580.png,1
Parkinson581.png,1
Parkinson582.png,1
Parkinson583.png,1
Parkinson584.png,1
Parkinson585.png,1
Parkinson586.png,1
Parkinson587.png,1
Parkinson588.png,1
Parkinson589.png,1
Parkinson59.png,1
Parkinson590.png,1
Parkinson591.png,1
Parkinson592.png,1
Parkinson593.png,1
Parkinson594.png,1
Parkinson595.png,1
Parkinson596.png,1
Parkinson597.png,1
Parkinson598.png,1
Parkinson599.png,1
Parkinson6.png,1
Parkinson60.png,1
Parkinson600.png,1
Parkinson601.png,1
Parkinson602.png,1
Parkinson603.png,1
Parkinson604.png,1
Parkinson605.png,1
Parkinson606.png,1
Parkinson607.png,1
Parkinson608.png,1
Parkinson609.png,1
Parkinson61.png,1
Parkinson610.png,1
Parkinson611.png,1
Parkinson612.png,1
Parkinson613.png,1
Parkinson614.png,1
Parkinson615.png,1
Parkinson616.png,1
Parkinson617.png,1
Parkinson618.png,1
Parkinson619.png,1
Parkinson62.png,1
Parkinson620.png,1
Parkinson621.png,1
Parkinson622.png,1
Parkinson623.png,1
Parkinson624.png,1
Parkinson625.png,1
Parkinson626.png,1
Parkinson627.png,1
Parkinson628.png,1
Parkinson629.png,1
Parkinson63.png,1
Parkinson630.png,1
Parkinson631.png,1
Parkinson632.png,1
Parkinson633.png,1
Parkinson634.png,1
Parkinson635.png,1
Parkinson636.png,1
Parkinson637.png,1
Parkinson638.png,1
Parkinson639.png,1
Parkinson64.png,1
Parkinson640.png,1
Parkinson641.png,1
Parkinson642.png,1
Parkinson643.png,1
Parkinson644.png,1
Parkinson645.png,1
Parkinson646.png,1
Parkinson647.png,1
Parkinson648.png,1
Parkinson649.png,1
Parkinson65.png,1
Parkinson650.png,1
Parkinson651.png,1
Parkinson652.png,1
Parkinson653.png,1
Parkinson654.png,1
Parkinson655.png,1
Parkinson656.png,1
Parkinson657.png,1
Parkinson658.png,1
Parkinson659.png,1
Parkinson66.png,1
Parkinson660.png,1
Parkinson661.png,1
Parkinson662.png,1
Parkinson663.png,1
Parkinson664.png,1
Parkinson665.png,1
Parkinson666.png,1
Parkinson667.png,1
Parkinson668.png,1
Parkinson669.png,1
Parkinson67.png,1
Parkinson670.png,1
Parkinson671.png,1
Parkinson672.png,1
Parkinson673.png,1
Parkinson674.png,1
Parkinson675.png,1
Parkinson676.png,1
Parkinson677.png,1
Parkinson678.png,1
Parkinson679.png,1
Parkinson68.png,1
Parkinson680.png,1
Parkinson681.png,1
Parkinson682.png,1
Parkinson683.png,1
Parkinson684.png,1
Parkinson685.png,1
Parkinson686.png,1
Parkinson687.png,1
Parkinson688.png,1
Parkinson689.png,1
Parkinson69.png,1
Parkinson690.png,1
Parkinson691.png,1
Parkinson692.png,1
Parkinson693.png,1
Parkinson694.png,1
Parkinson695.png,1
Parkinson696.png,1
Parkinson697.png,1
Parkinson698.png,1
Parkinson699.png,1
Parkinson7.png,1
Parkinson70.png,1
Parkinson700.png,1
Parkinson701.png,1
Parkinson702.png,1
Parkinson703.png,1
Parkinson704.png,1
Parkinson705.png,1
Parkinson706.png,1
Parkinson707.png,1
Parkinson708.png,1
Parkinson709.png,1
Parkinson71.png,1
Parkinson710.png,1
Parkinson711.png,1
Parkinson712.png,1
Parkinson713.png,1
Parkinson714.png,1
Parkinson715.png,1
Parkinson716.png,1
Parkinson717.png,1
Parkinson718.png,1
Parkinson719.png,1
Parkinson72.png,1
Parkinson720.png,1
Parkinson721.png,1
Parkinson722.png,1
Parkinson723.png,1
Parkinson724.png,1
Parkinson725.png,1
Parkinson726.png,1
Parkinson727.png,1
Parkinson728.png,1
Parkinson729.png,1
Parkinson73.png,1
Parkinson730.png,1
Parkinson731.png,1
Parkinson732.png,1
Parkinson733.png,1
Parkinson734.png,1
Parkinson735.png,1
Parkinson736.png,1
Parkinson737.png,1
Parkinson738.png,1
Parkinson739.png,1
Parkinson74.png,1
Parkinson740.png,1
Parkinson741.png,1
Parkinson742.png,1
Parkinson743.png,1
Parkinson744.png,1
Parkinson745.png,1
Parkinson746.png,1
Parkinson747.png,1
Parkinson748.png,1
Parkinson749.png,1
Parkinson75.png,1
Parkinson750.png,1
Parkinson751.png,1
Parkinson752.png,1
Parkinson753.png,1
Parkinson754.png,1
Parkinson755.png,1
Parkinson756.png,1
Parkinson757.png,1
Parkinson758.png,1
Parkinson759.png,1
Parkinson76.png,1
Parkinson760.png,1
Parkinson761.png,1
Parkinson762.png,1
Parkinson763.png,1
Parkinson764.png,1
Parkinson765.png,1
Parkinson766.png,1
Parkinson767.png,1
Parkinson768.png,1
Parkinson769.png,1
Parkinson77.png,1
Parkinson770.png,1
Parkinson771.png,1
Parkinson772.png,1
Parkinson773.png,1
Parkinson774.png,1
Parkinson775.png,1
Parkinson776.png,1
Parkinson777.png,1
Parkinson778.png,1
Parkinson779.png,1
Parkinson78.png,1
Parkinson780.png,1
Parkinson781.png,1
Parkinson782.png,1
Parkinson783.png,1
Parkinson784.png,1
Parkinson785.png,1
Parkinson786.png,1
Parkinson787.png,1
Parkinson788.png,1
Parkinson789.png,1
Parkinson79.png,1
Parkinson790.png,1
Parkinson791.png,1
Parkinson792.png,1
Parkinson793.png,1
Parkinson794.png,1
Parkinson795.png,1
Parkinson796.png,1
Parkinson797.png,1
Parkinson798.png,1
Parkinson799.png,1
Parkinson8.png,1
Parkinson80.png,1
Parkinson800.png,1
Parkinson801.png,1
Parkinson802.png,1
Parkinson803.png,1
Parkinson804.png,1
Parkinson805.png,1
Parkinson806.png,1
Parkinson807.png,1
Parkinson808.png,1
Parkinson809.png,1
Parkinson81.png,1
Parkinson810.png,1
Parkinson811.png,1
Parkinson812.png,1
Parkinson813.png,1
Parkinson814.png,1
Parkinson815.png,1
Parkinson816.png,1
Parkinson817.png,1
Parkinson818.png,1
Parkinson819.png,1
Parkinson82.png,1
Parkinson820.png,1
Parkinson821.png,1
Parkinson822.png,1
Parkinson823.png,1
Parkinson824.png,1
Parkinson825.png,1
Parkinson826.png,1
Parkinson827.png,1
Parkinson828.png,1
Parkinson829.png,1
Parkinson83.png,1
Parkinson830.png,1
Parkinson831.png,1
Parkinson832.png,1
Parkinson833.png,1
Parkinson834.png,1
Parkinson835.png,1
Parkinson836.png,1
Parkinson837.png,1
Parkinson838.png,1
Parkinson839.png,1
Parkinson84.png,1
Parkinson840.png,1
Parkinson841.png,1
Parkinson842.png,1
Parkinson843.png,1
Parkinson844.png,1
Parkinson845.png,1
Parkinson846.png,1
Parkinson847.png,1
Parkinson848.png,1
Parkinson849.png,1
Parkinson85.png,1
Parkinson850.png,1
Parkinson851.png,1
Parkinson852.png,1
Parkinson853.png,1
Parkinson854.png,1
Parkinson855.png,1
Parkinson856.png,1
Parkinson857.png,1
Parkinson858.png,1
Parkinson859.png,1
Parkinson86.png,1
Parkinson860.png,1
Parkinson861.png,1
Parkinson862.png,1
Parkinson863.png,1
Parkinson864.png,1
Parkinson865.png,1
Parkinson866.png,1
Parkinson867.png,1
Parkinson868.png,1
Parkinson869.png,1
Parkinson87.png,1
Parkinson870.png,1
Parkinson871.png,1
Parkinson872.png,1
Parkinson873.png,1
Parkinson874.png,1
Parkinson875.png,1
Parkinson876.png,1
Parkinson877.png,1
Parkinson878.png,1
Parkinson879.png,1
Parkinson88.png,1
Parkinson880.png,1
Parkinson881.png,1
Parkinson882.png,1
Parkinson883.png,1
Parkinson884.png,1
Parkinson885.png,1
Parkinson886.png,1
Parkinson887.png,1
Parkinson888.png,1
Parkinson889.png,1
Parkinson89.png,1
Parkinson890.png,1
Parkinson891.png,1
Parkinson892.png,1
Parkinson893.png,1
Parkinson894.png,1
Parkinson895.png,1
Parkinson896.png,1
Parkinson897.png,1
Parkinson898.png,1
Parkinson899.png,1
Parkinson9.png,1
Parkinson90.png,1
Parkinson900.png,1
Parkinson901.png,1
Parkinson902.png,1
Parkinson903.png,1
Parkinson904.png,1
Parkinson905.png,1
Parkinson906.png,1
Parkinson907.png,1
Parkinson908.png,1
Parkinson909.png,1
Parkinson91.png,1
Parkinson910.png,1
Parkinson911.png,1
Parkinson912.png,1
Parkinson913.png,1
Parkinson914.png,1
Parkinson915.png,1
Parkinson916.png,1
Parkinson917.png,1
Parkinson918.png,1
Parkinson919.png,1
Parkinson92.png,1
Parkinson920.png,1
Parkinson921.png,1
Parkinson922.png,1
Parkinson923.png,1
Parkinson924.png,1
Parkinson925.png,1
Parkinson926.png,1
Parkinson927.png,1
Parkinson928.png,1
Parkinson929.png,1
Parkinson93.png,1
Parkinson930.png,1
Parkinson931.png,1
Parkinson932.png,1
Parkinson933.png,1
Parkinson934.png,1
Parkinson935.png,1
Parkinson936.png,1
Parkinson937.png,1
Parkinson938.png,1
Parkinson939.png,1
Parkinson94.png,1
Parkinson940.png,1
Parkinson941.png,1
Parkinson942.png,1
Parkinson943.png,1
Parkinson944.png,1
Parkinson945.png,1
Parkinson946.png,1
Parkinson947.png,1
Parkinson948.png,1
Parkinson949.png,1
Parkinson95.png,1
Parkinson950.png,1
Parkinson951.png,1
Parkinson952.png,1
Parkinson953.png,1
Parkinson954.png,1
Parkinson955.png,1
Parkinson956.png,1
Parkinson957.png,1
Parkinson958.png,1
Parkinson959.png,1
Parkinson96.png,1
Parkinson960.png,1
Parkinson961.png,1
Parkinson962.png,1
Parkinson963.png,1
Parkinson964.png,1
Parkinson965.png,1
Parkinson966.png,1
Parkinson967.png,1
Parkinson968.png,1
Parkinson969.png,1
Parkinson97.png,1
Parkinson970.png,1
Parkinson971.png,1
Parkinson972.png,1
Parkinson973.png,1
Parkinson974.png,1
Parkinson975.png,1
Parkinson976.png,1
Parkinson977.png,1
Parkinson978.png,1
Parkinson979.png,1
Parkinson98.png,1
Parkinson980.png,1
Parkinson981.png,1
Parkinson982.png,1
Parkinson983.png,1
Parkinson984.png,1
Parkinson985.png,1
Parkinson986.png,1
Parkinson987.png,1
Parkinson988.png,1
Parkinson989.png,1
Parkinson99.png,1
Parkinson990.png,1
Parkinson991.png,1
Parkinson992.png,1
Parkinson993.png,1
Parkinson994.png,1
Parkinson995.png,1
Parkinson996.png,1
Parkinson997.png,1
Parkinson998.png,1
Parkinson999.png,1
